ERROR METRICS,Train,Test
NS/R2,0.9479342991037634,0.9504116867224095
Corr-coeff,0.9745286805849112,0.9756357779623966
RMSE,45.50380682802452,44.69800721355058
MSE,2070.596435842171,1997.9118488626198
